id;created_at;quantity;deadline
1;2021-12-18T17:32:24;71757;2021-12-18T08:07:13
2;2021-12-18T22:18:33;59524;2021-12-19T01:25:25
3;2021-12-18T22:58:44;58408;2021-12-18T09:39:42
4;2021-12-18T02:39:17;65635;2021-12-18T03:00:05
5;2021-12-19T02:17:30;78504;2021-12-18T08:34:45
6;2021-12-18T17:07:28;25765;2021-12-18T07:08:05
7;2021-12-18T08:16:13;75236;2021-12-18T03:36:29
8;2021-12-18T10:19:52;68892;2021-12-18T16:45:18
9;2021-12-18T11:07:25;21920;2021-12-18T13:04:06
10;2021-12-18T03:59:28;28130;2021-12-18T09:13:04
